"","Attribute1","Attribute2","Attribute3","Attribute4","Attribute5","Date","IFNULLSign","Table.Name","ValueNumberSigns","DateAdd","Raw.Value","ScaledValue","Suffix","Value"
"1","Housing Finance","Owner occupier","New loan commitments","Total housing excluding refinancing","Number","1/07/2002","","owner_occupier_1","","1/08/1997",33134,33.134,"k",33134
"2","Housing Finance","Owner occupier","New loan commitments","Total housing excluding refinancing","Number","1/08/2002","","owner_occupier_1","","1/09/1997",30881,30.881,"k",30881
"3","Housing Finance","Owner occupier","New loan commitments","Total housing excluding refinancing","Number","1/09/2002","","owner_occupier_1","","1/10/1997",29019,29.019,"k",29019
"4","Housing Finance","Owner occupier","New loan commitments","Total housing excluding refinancing","Number","1/10/2002","","owner_occupier_1","","1/11/1997",31550,31.55,"k",31550
"5","Housing Finance","Owner occupier","New loan commitments","Total housing excluding refinancing","Number","1/11/2002","","owner_occupier_1","","1/12/1997",30628,30.628,"k",30628
"6","Housing Finance","Owner occupier","New loan commitments","Total housing excluding refinancing","Number","1/12/2002","","owner_occupier_1","","1/01/1998",29534,29.534,"k",29534
"7","Housing Finance","Owner occupier","New loan commitments","Total housing excluding refinancing","Number","1/01/2003","","owner_occupier_1","","1/02/1998",27636,27.636,"k",27636
"8","Housing Finance","Owner occupier","New loan commitments","Total housing excluding refinancing","Number","1/02/2003","","owner_occupier_1","","1/03/1998",29412,29.412,"k",29412
"9","Housing Finance","Owner occupier","New loan commitments","Total housing excluding refinancing","Number","1/03/2003","","owner_occupier_1","","1/04/1998",32006,32.006,"k",32006
"10","Housing Finance","Owner occupier","New loan commitments","Total housing excluding refinancing","Number","1/04/2003","","owner_occupier_1","","1/05/1998",30704,30.704,"k",30704
"11","Housing Finance","Owner occupier","New loan commitments","Total housing excluding refinancing","Number","1/05/2003","","owner_occupier_1","","1/06/1998",34717,34.717,"k",34717
"12","Housing Finance","Owner occupier","New loan commitments","Total housing excluding refinancing","Number","1/06/2003","","owner_occupier_1","","1/07/1998",32550,32.55,"k",32550
"13","Housing Finance","Owner occupier","New loan commitments","Total housing excluding refinancing","Number","1/07/2003","","owner_occupier_1","","1/08/1998",35587,35.587,"k",35587
"14","Housing Finance","Owner occupier","New loan commitments","Total housing excluding refinancing","Number","1/08/2003","","owner_occupier_1","","1/09/1998",32697,32.697,"k",32697
"15","Housing Finance","Owner occupier","New loan commitments","Total housing excluding refinancing","Number","1/09/2003","","owner_occupier_1","","1/10/1998",33656,33.656,"k",33656
"16","Housing Finance","Owner occupier","New loan commitments","Total housing excluding refinancing","Number","1/10/2003","","owner_occupier_1","","1/11/1998",34940,34.94,"k",34940
"17","Housing Finance","Owner occupier","New loan commitments","Total housing excluding refinancing","Number","1/11/2003","","owner_occupier_1","","1/12/1998",31187,31.187,"k",31187
"18","Housing Finance","Owner occupier","New loan commitments","Total housing excluding refinancing","Number","1/12/2003","","owner_occupier_1","","1/01/1999",30883,30.883,"k",30883
"19","Housing Finance","Owner occupier","New loan commitments","Total housing excluding refinancing","Number","1/01/2004","","owner_occupier_1","","1/02/1999",23026,23.026,"k",23026
"20","Housing Finance","Owner occupier","New loan commitments","Total housing excluding refinancing","Number","1/02/2004","","owner_occupier_1","","1/03/1999",25502,25.502,"k",25502
"21","Housing Finance","Owner occupier","New loan commitments","Total housing excluding refinancing","Number","1/03/2004","","owner_occupier_1","","1/04/1999",30442,30.442,"k",30442
"22","Housing Finance","Owner occupier","New loan commitments","Total housing excluding refinancing","Number","1/04/2004","","owner_occupier_1","","1/05/1999",26358,26.358,"k",26358
"23","Housing Finance","Owner occupier","New loan commitments","Total housing excluding refinancing","Number","1/05/2004","","owner_occupier_1","","1/06/1999",28092,28.092,"k",28092
"24","Housing Finance","Owner occupier","New loan commitments","Total housing excluding refinancing","Number","1/06/2004","","owner_occupier_1","","1/07/1999",28458,28.458,"k",28458
"25","Housing Finance","Owner occupier","New loan commitments","Total housing excluding refinancing","Number","1/07/2004","","owner_occupier_1","","1/08/1999",28453,28.453,"k",28453
"26","Housing Finance","Owner occupier","New loan commitments","Total housing excluding refinancing","Number","1/08/2004","","owner_occupier_1","","1/09/1999",28527,28.527,"k",28527
"27","Housing Finance","Owner occupier","New loan commitments","Total housing excluding refinancing","Number","1/09/2004","","owner_occupier_1","","1/10/1999",28816,28.816,"k",28816
"28","Housing Finance","Owner occupier","New loan commitments","Total housing excluding refinancing","Number","1/10/2004","","owner_occupier_1","","1/11/1999",27173,27.173,"k",27173
"29","Housing Finance","Owner occupier","New loan commitments","Total housing excluding refinancing","Number","1/11/2004","","owner_occupier_1","","1/12/1999",31004,31.004,"k",31004
"30","Housing Finance","Owner occupier","New loan commitments","Total housing excluding refinancing","Number","1/12/2004","","owner_occupier_1","","1/01/2000",30375,30.375,"k",30375
"31","Housing Finance","Owner occupier","New loan commitments","Total housing excluding refinancing","Number","1/01/2005","","owner_occupier_1","","1/02/2000",23810,23.81,"k",23810
"32","Housing Finance","Owner occupier","New loan commitments","Total housing excluding refinancing","Number","1/02/2005","","owner_occupier_1","","1/03/2000",28716,28.716,"k",28716
"33","Housing Finance","Owner occupier","New loan commitments","Total housing excluding refinancing","Number","1/03/2005","","owner_occupier_1","","1/04/2000",32420,32.42,"k",32420
"34","Housing Finance","Owner occupier","New loan commitments","Total housing excluding refinancing","Number","1/04/2005","","owner_occupier_1","","1/05/2000",30176,30.176,"k",30176
"35","Housing Finance","Owner occupier","New loan commitments","Total housing excluding refinancing","Number","1/05/2005","","owner_occupier_1","","1/06/2000",31780,31.78,"k",31780
"36","Housing Finance","Owner occupier","New loan commitments","Total housing excluding refinancing","Number","1/06/2005","","owner_occupier_1","","1/07/2000",31451,31.451,"k",31451
"37","Housing Finance","Owner occupier","New loan commitments","Total housing excluding refinancing","Number","1/07/2005","","owner_occupier_1","","1/08/2000",29429,29.429,"k",29429
"38","Housing Finance","Owner occupier","New loan commitments","Total housing excluding refinancing","Number","1/08/2005","","owner_occupier_1","","1/09/2000",32272,32.272,"k",32272
"39","Housing Finance","Owner occupier","New loan commitments","Total housing excluding refinancing","Number","1/09/2005","","owner_occupier_1","","1/10/2000",32221,32.221,"k",32221
"40","Housing Finance","Owner occupier","New loan commitments","Total housing excluding refinancing","Number","1/10/2005","","owner_occupier_1","","1/11/2000",31171,31.171,"k",31171
"41","Housing Finance","Owner occupier","New loan commitments","Total housing excluding refinancing","Number","1/11/2005","","owner_occupier_1","","1/12/2000",34971,34.971,"k",34971
"42","Housing Finance","Owner occupier","New loan commitments","Total housing excluding refinancing","Number","1/12/2005","","owner_occupier_1","","1/01/2001",32067,32.067,"k",32067
"43","Housing Finance","Owner occupier","New loan commitments","Total housing excluding refinancing","Number","1/01/2006","","owner_occupier_1","","1/02/2001",26293,26.293,"k",26293
"44","Housing Finance","Owner occupier","New loan commitments","Total housing excluding refinancing","Number","1/02/2006","","owner_occupier_1","","1/03/2001",30220,30.22,"k",30220
"45","Housing Finance","Owner occupier","New loan commitments","Total housing excluding refinancing","Number","1/03/2006","","owner_occupier_1","","1/04/2001",36765,36.765,"k",36765
"46","Housing Finance","Owner occupier","New loan commitments","Total housing excluding refinancing","Number","1/04/2006","","owner_occupier_1","","1/05/2001",29590,29.59,"k",29590
"47","Housing Finance","Owner occupier","New loan commitments","Total housing excluding refinancing","Number","1/05/2006","","owner_occupier_1","","1/06/2001",38389,38.389,"k",38389
"48","Housing Finance","Owner occupier","New loan commitments","Total housing excluding refinancing","Number","1/06/2006","","owner_occupier_1","","1/07/2001",35375,35.375,"k",35375
"49","Housing Finance","Owner occupier","New loan commitments","Total housing excluding refinancing","Number","1/07/2006","","owner_occupier_1","","1/08/2001",33980,33.98,"k",33980
"50","Housing Finance","Owner occupier","New loan commitments","Total housing excluding refinancing","Number","1/08/2006","","owner_occupier_1","","1/09/2001",35654,35.654,"k",35654
"51","Housing Finance","Owner occupier","New loan commitments","Total housing excluding refinancing","Number","1/09/2006","","owner_occupier_1","","1/10/2001",31825,31.825,"k",31825
"52","Housing Finance","Owner occupier","New loan commitments","Total housing excluding refinancing","Number","1/10/2006","","owner_occupier_1","","1/11/2001",32554,32.554,"k",32554
"53","Housing Finance","Owner occupier","New loan commitments","Total housing excluding refinancing","Number","1/11/2006","","owner_occupier_1","","1/12/2001",34869,34.869,"k",34869
"54","Housing Finance","Owner occupier","New loan commitments","Total housing excluding refinancing","Number","1/12/2006","","owner_occupier_1","","1/01/2002",31170,31.17,"k",31170
"55","Housing Finance","Owner occupier","New loan commitments","Total housing excluding refinancing","Number","1/01/2007","","owner_occupier_1","","1/02/2002",27704,27.704,"k",27704
"56","Housing Finance","Owner occupier","New loan commitments","Total housing excluding refinancing","Number","1/02/2007","","owner_occupier_1","","1/03/2002",30344,30.344,"k",30344
"57","Housing Finance","Owner occupier","New loan commitments","Total housing excluding refinancing","Number","1/03/2007","","owner_occupier_1","","1/04/2002",36319,36.319,"k",36319
"58","Housing Finance","Owner occupier","New loan commitments","Total housing excluding refinancing","Number","1/04/2007","","owner_occupier_1","","1/05/2002",32177,32.177,"k",32177
"59","Housing Finance","Owner occupier","New loan commitments","Total housing excluding refinancing","Number","1/05/2007","","owner_occupier_1","","1/06/2002",39224,39.224,"k",39224
"60","Housing Finance","Owner occupier","New loan commitments","Total housing excluding refinancing","Number","1/06/2007","","owner_occupier_1","","1/07/2002",35591,35.591,"k",35591
"61","Housing Finance","Owner occupier","New loan commitments","Total housing excluding refinancing","Number","1/07/2007","","owner_occupier_1","","1/08/2002",34939,34.939,"k",34939
"62","Housing Finance","Owner occupier","New loan commitments","Total housing excluding refinancing","Number","1/08/2007","","owner_occupier_1","","1/09/2002",36772,36.772,"k",36772
"63","Housing Finance","Owner occupier","New loan commitments","Total housing excluding refinancing","Number","1/09/2007","","owner_occupier_1","","1/10/2002",31579,31.579,"k",31579
"64","Housing Finance","Owner occupier","New loan commitments","Total housing excluding refinancing","Number","1/10/2007","","owner_occupier_1","","1/11/2002",35867,35.867,"k",35867
"65","Housing Finance","Owner occupier","New loan commitments","Total housing excluding refinancing","Number","1/11/2007","","owner_occupier_1","","1/12/2002",37113,37.113,"k",37113
"66","Housing Finance","Owner occupier","New loan commitments","Total housing excluding refinancing","Number","1/12/2007","","owner_occupier_1","","1/01/2003",31758,31.758,"k",31758
"67","Housing Finance","Owner occupier","New loan commitments","Total housing excluding refinancing","Number","1/01/2008","","owner_occupier_1","","1/02/2003",29082,29.082,"k",29082
"68","Housing Finance","Owner occupier","New loan commitments","Total housing excluding refinancing","Number","1/02/2008","","owner_occupier_1","","1/03/2003",30414,30.414,"k",30414
"69","Housing Finance","Owner occupier","New loan commitments","Total housing excluding refinancing","Number","1/03/2008","","owner_occupier_1","","1/04/2003",27853,27.853,"k",27853
"70","Housing Finance","Owner occupier","New loan commitments","Total housing excluding refinancing","Number","1/04/2008","","owner_occupier_1","","1/05/2003",28563,28.563,"k",28563
"71","Housing Finance","Owner occupier","New loan commitments","Total housing excluding refinancing","Number","1/05/2008","","owner_occupier_1","","1/06/2003",27407,27.407,"k",27407
"72","Housing Finance","Owner occupier","New loan commitments","Total housing excluding refinancing","Number","1/06/2008","","owner_occupier_1","","1/07/2003",24187,24.187,"k",24187
"73","Housing Finance","Owner occupier","New loan commitments","Total housing excluding refinancing","Number","1/07/2008","","owner_occupier_1","","1/08/2003",26113,26.113,"k",26113
"74","Housing Finance","Owner occupier","New loan commitments","Total housing excluding refinancing","Number","1/08/2008","","owner_occupier_1","","1/09/2003",23179,23.179,"k",23179
"75","Housing Finance","Owner occupier","New loan commitments","Total housing excluding refinancing","Number","1/09/2008","","owner_occupier_1","","1/10/2003",24628,24.628,"k",24628
"76","Housing Finance","Owner occupier","New loan commitments","Total housing excluding refinancing","Number","1/10/2008","","owner_occupier_1","","1/11/2003",26300,26.3,"k",26300
"77","Housing Finance","Owner occupier","New loan commitments","Total housing excluding refinancing","Number","1/11/2008","","owner_occupier_1","","1/12/2003",25479,25.479,"k",25479
"78","Housing Finance","Owner occupier","New loan commitments","Total housing excluding refinancing","Number","1/12/2008","","owner_occupier_1","","1/01/2004",28781,28.781,"k",28781
"79","Housing Finance","Owner occupier","New loan commitments","Total housing excluding refinancing","Number","1/01/2009","","owner_occupier_1","","1/02/2004",25218,25.218,"k",25218
"80","Housing Finance","Owner occupier","New loan commitments","Total housing excluding refinancing","Number","1/02/2009","","owner_occupier_1","","1/03/2004",28778,28.778,"k",28778
"81","Housing Finance","Owner occupier","New loan commitments","Total housing excluding refinancing","Number","1/03/2009","","owner_occupier_1","","1/04/2004",35861,35.861,"k",35861
"82","Housing Finance","Owner occupier","New loan commitments","Total housing excluding refinancing","Number","1/04/2009","","owner_occupier_1","","1/05/2004",33040,33.04,"k",33040
"83","Housing Finance","Owner occupier","New loan commitments","Total housing excluding refinancing","Number","1/05/2009","","owner_occupier_1","","1/06/2004",35307,35.307,"k",35307
"84","Housing Finance","Owner occupier","New loan commitments","Total housing excluding refinancing","Number","1/06/2009","","owner_occupier_1","","1/07/2004",35614,35.614,"k",35614
"85","Housing Finance","Owner occupier","New loan commitments","Total housing excluding refinancing","Number","1/07/2009","","owner_occupier_1","","1/08/2004",35178,35.178,"k",35178
"86","Housing Finance","Owner occupier","New loan commitments","Total housing excluding refinancing","Number","1/08/2009","","owner_occupier_1","","1/09/2004",31368,31.368,"k",31368
"87","Housing Finance","Owner occupier","New loan commitments","Total housing excluding refinancing","Number","1/09/2009","","owner_occupier_1","","1/10/2004",34593,34.593,"k",34593
"88","Housing Finance","Owner occupier","New loan commitments","Total housing excluding refinancing","Number","1/10/2009","","owner_occupier_1","","1/11/2004",33572,33.572,"k",33572
"89","Housing Finance","Owner occupier","New loan commitments","Total housing excluding refinancing","Number","1/11/2009","","owner_occupier_1","","1/12/2004",30913,30.913,"k",30913
"90","Housing Finance","Owner occupier","New loan commitments","Total housing excluding refinancing","Number","1/12/2009","","owner_occupier_1","","1/01/2005",29373,29.373,"k",29373
"91","Housing Finance","Owner occupier","New loan commitments","Total housing excluding refinancing","Number","1/01/2010","","owner_occupier_1","","1/02/2005",21010,21.01,"k",21010
"92","Housing Finance","Owner occupier","New loan commitments","Total housing excluding refinancing","Number","1/02/2010","","owner_occupier_1","","1/03/2005",23327,23.327,"k",23327
"93","Housing Finance","Owner occupier","New loan commitments","Total housing excluding refinancing","Number","1/03/2010","","owner_occupier_1","","1/04/2005",26529,26.529,"k",26529
"94","Housing Finance","Owner occupier","New loan commitments","Total housing excluding refinancing","Number","1/04/2010","","owner_occupier_1","","1/05/2005",23214,23.214,"k",23214
"95","Housing Finance","Owner occupier","New loan commitments","Total housing excluding refinancing","Number","1/05/2010","","owner_occupier_1","","1/06/2005",24776,24.776,"k",24776
"96","Housing Finance","Owner occupier","New loan commitments","Total housing excluding refinancing","Number","1/06/2010","","owner_occupier_1","","1/07/2005",23976,23.976,"k",23976
"97","Housing Finance","Owner occupier","New loan commitments","Total housing excluding refinancing","Number","1/07/2010","","owner_occupier_1","","1/08/2005",23711,23.711,"k",23711
"98","Housing Finance","Owner occupier","New loan commitments","Total housing excluding refinancing","Number","1/08/2010","","owner_occupier_1","","1/09/2005",23490,23.49,"k",23490
"99","Housing Finance","Owner occupier","New loan commitments","Total housing excluding refinancing","Number","1/09/2010","","owner_occupier_1","","1/10/2005",23603,23.603,"k",23603
"100","Housing Finance","Owner occupier","New loan commitments","Total housing excluding refinancing","Number","1/10/2010","","owner_occupier_1","","1/11/2005",23299,23.299,"k",23299
"101","Housing Finance","Owner occupier","New loan commitments","Total housing excluding refinancing","Number","1/11/2010","","owner_occupier_1","","1/12/2005",26056,26.056,"k",26056
"102","Housing Finance","Owner occupier","New loan commitments","Total housing excluding refinancing","Number","1/12/2010","","owner_occupier_1","","1/01/2006",25421,25.421,"k",25421
"103","Housing Finance","Owner occupier","New loan commitments","Total housing excluding refinancing","Number","1/01/2011","","owner_occupier_1","","1/02/2006",18081,18.081,"k",18081
"104","Housing Finance","Owner occupier","New loan commitments","Total housing excluding refinancing","Number","1/02/2011","","owner_occupier_1","","1/03/2006",20397,20.397,"k",20397
"105","Housing Finance","Owner occupier","New loan commitments","Total housing excluding refinancing","Number","1/03/2011","","owner_occupier_1","","1/04/2006",24611,24.611,"k",24611
"106","Housing Finance","Owner occupier","New loan commitments","Total housing excluding refinancing","Number","1/04/2011","","owner_occupier_1","","1/05/2006",21298,21.298,"k",21298
"107","Housing Finance","Owner occupier","New loan commitments","Total housing excluding refinancing","Number","1/05/2011","","owner_occupier_1","","1/06/2006",24766,24.766,"k",24766
"108","Housing Finance","Owner occupier","New loan commitments","Total housing excluding refinancing","Number","1/06/2011","","owner_occupier_1","","1/07/2006",23559,23.559,"k",23559
"109","Housing Finance","Owner occupier","New loan commitments","Total housing excluding refinancing","Number","1/07/2011","","owner_occupier_1","","1/08/2006",22444,22.444,"k",22444
"110","Housing Finance","Owner occupier","New loan commitments","Total housing excluding refinancing","Number","1/08/2011","","owner_occupier_1","","1/09/2006",23989,23.989,"k",23989
"111","Housing Finance","Owner occupier","New loan commitments","Total housing excluding refinancing","Number","1/09/2011","","owner_occupier_1","","1/10/2006",23393,23.393,"k",23393
"112","Housing Finance","Owner occupier","New loan commitments","Total housing excluding refinancing","Number","1/10/2011","","owner_occupier_1","","1/11/2006",23118,23.118,"k",23118
"113","Housing Finance","Owner occupier","New loan commitments","Total housing excluding refinancing","Number","1/11/2011","","owner_occupier_1","","1/12/2006",26501,26.501,"k",26501
"114","Housing Finance","Owner occupier","New loan commitments","Total housing excluding refinancing","Number","1/12/2011","","owner_occupier_1","","1/01/2007",26047,26.047,"k",26047
"115","Housing Finance","Owner occupier","New loan commitments","Total housing excluding refinancing","Number","1/01/2012","","owner_occupier_1","","1/02/2007",20550,20.55,"k",20550
"116","Housing Finance","Owner occupier","New loan commitments","Total housing excluding refinancing","Number","1/02/2012","","owner_occupier_1","","1/03/2007",21399,21.399,"k",21399
"117","Housing Finance","Owner occupier","New loan commitments","Total housing excluding refinancing","Number","1/03/2012","","owner_occupier_1","","1/04/2007",24264,24.264,"k",24264
"118","Housing Finance","Owner occupier","New loan commitments","Total housing excluding refinancing","Number","1/04/2012","","owner_occupier_1","","1/05/2007",21492,21.492,"k",21492
"119","Housing Finance","Owner occupier","New loan commitments","Total housing excluding refinancing","Number","1/05/2012","","owner_occupier_1","","1/06/2007",26311,26.311,"k",26311
"120","Housing Finance","Owner occupier","New loan commitments","Total housing excluding refinancing","Number","1/06/2012","","owner_occupier_1","","1/07/2007",23751,23.751,"k",23751
"121","Housing Finance","Owner occupier","New loan commitments","Total housing excluding refinancing","Number","1/07/2012","","owner_occupier_1","","1/08/2007",24166,24.166,"k",24166
"122","Housing Finance","Owner occupier","New loan commitments","Total housing excluding refinancing","Number","1/08/2012","","owner_occupier_1","","1/09/2007",25526,25.526,"k",25526
"123","Housing Finance","Owner occupier","New loan commitments","Total housing excluding refinancing","Number","1/09/2012","","owner_occupier_1","","1/10/2007",23505,23.505,"k",23505
"124","Housing Finance","Owner occupier","New loan commitments","Total housing excluding refinancing","Number","1/10/2012","","owner_occupier_1","","1/11/2007",26604,26.604,"k",26604
"125","Housing Finance","Owner occupier","New loan commitments","Total housing excluding refinancing","Number","1/11/2012","","owner_occupier_1","","1/12/2007",27172,27.172,"k",27172
"126","Housing Finance","Owner occupier","New loan commitments","Total housing excluding refinancing","Number","1/12/2012","","owner_occupier_1","","1/01/2008",24142,24.142,"k",24142
"127","Housing Finance","Owner occupier","New loan commitments","Total housing excluding refinancing","Number","1/01/2013","","owner_occupier_1","","1/02/2008",21584,21.584,"k",21584
"128","Housing Finance","Owner occupier","New loan commitments","Total housing excluding refinancing","Number","1/02/2013","","owner_occupier_1","","1/03/2008",22751,22.751,"k",22751
"129","Housing Finance","Owner occupier","New loan commitments","Total housing excluding refinancing","Number","1/03/2013","","owner_occupier_1","","1/04/2008",25818,25.818,"k",25818
"130","Housing Finance","Owner occupier","New loan commitments","Total housing excluding refinancing","Number","1/04/2013","","owner_occupier_1","","1/05/2008",26904,26.904,"k",26904
"131","Housing Finance","Owner occupier","New loan commitments","Total housing excluding refinancing","Number","1/05/2013","","owner_occupier_1","","1/06/2008",30348,30.348,"k",30348
"132","Housing Finance","Owner occupier","New loan commitments","Total housing excluding refinancing","Number","1/06/2013","","owner_occupier_1","","1/07/2008",26393,26.393,"k",26393
"133","Housing Finance","Owner occupier","New loan commitments","Total housing excluding refinancing","Number","1/07/2013","","owner_occupier_1","","1/08/2008",29220,29.22,"k",29220
"134","Housing Finance","Owner occupier","New loan commitments","Total housing excluding refinancing","Number","1/08/2013","","owner_occupier_1","","1/09/2008",27030,27.03,"k",27030
"135","Housing Finance","Owner occupier","New loan commitments","Total housing excluding refinancing","Number","1/09/2013","","owner_occupier_1","","1/10/2008",27185,27.185,"k",27185
"136","Housing Finance","Owner occupier","New loan commitments","Total housing excluding refinancing","Number","1/10/2013","","owner_occupier_1","","1/11/2008",30470,30.47,"k",30470
"137","Housing Finance","Owner occupier","New loan commitments","Total housing excluding refinancing","Number","1/11/2013","","owner_occupier_1","","1/12/2008",30775,30.775,"k",30775
"138","Housing Finance","Owner occupier","New loan commitments","Total housing excluding refinancing","Number","1/12/2013","","owner_occupier_1","","1/01/2009",28423,28.423,"k",28423
"139","Housing Finance","Owner occupier","New loan commitments","Total housing excluding refinancing","Number","1/01/2014","","owner_occupier_1","","1/02/2009",23891,23.891,"k",23891
"140","Housing Finance","Owner occupier","New loan commitments","Total housing excluding refinancing","Number","1/02/2014","","owner_occupier_1","","1/03/2009",25354,25.354,"k",25354
"141","Housing Finance","Owner occupier","New loan commitments","Total housing excluding refinancing","Number","1/03/2014","","owner_occupier_1","","1/04/2009",27877,27.877,"k",27877
"142","Housing Finance","Owner occupier","New loan commitments","Total housing excluding refinancing","Number","1/04/2014","","owner_occupier_1","","1/05/2009",26869,26.869,"k",26869
"143","Housing Finance","Owner occupier","New loan commitments","Total housing excluding refinancing","Number","1/05/2014","","owner_occupier_1","","1/06/2009",30037,30.037,"k",30037
"144","Housing Finance","Owner occupier","New loan commitments","Total housing excluding refinancing","Number","1/06/2014","","owner_occupier_1","","1/07/2009",27793,27.793,"k",27793
"145","Housing Finance","Owner occupier","New loan commitments","Total housing excluding refinancing","Number","1/07/2014","","owner_occupier_1","","1/08/2009",28979,28.979,"k",28979
"146","Housing Finance","Owner occupier","New loan commitments","Total housing excluding refinancing","Number","1/08/2014","","owner_occupier_1","","1/09/2009",26870,26.87,"k",26870
"147","Housing Finance","Owner occupier","New loan commitments","Total housing excluding refinancing","Number","1/09/2014","","owner_occupier_1","","1/10/2009",28256,28.256,"k",28256
"148","Housing Finance","Owner occupier","New loan commitments","Total housing excluding refinancing","Number","1/10/2014","","owner_occupier_1","","1/11/2009",30005,30.005,"k",30005
"149","Housing Finance","Owner occupier","New loan commitments","Total housing excluding refinancing","Number","1/11/2014","","owner_occupier_1","","1/12/2009",27718,27.718,"k",27718
"150","Housing Finance","Owner occupier","New loan commitments","Total housing excluding refinancing","Number","1/12/2014","","owner_occupier_1","","1/01/2010",30223,30.223,"k",30223
"151","Housing Finance","Owner occupier","New loan commitments","Total housing excluding refinancing","Number","1/01/2015","","owner_occupier_1","","1/02/2010",23427,23.427,"k",23427
"152","Housing Finance","Owner occupier","New loan commitments","Total housing excluding refinancing","Number","1/02/2015","","owner_occupier_1","","1/03/2010",25222,25.222,"k",25222
"153","Housing Finance","Owner occupier","New loan commitments","Total housing excluding refinancing","Number","1/03/2015","","owner_occupier_1","","1/04/2010",29642,29.642,"k",29642
"154","Housing Finance","Owner occupier","New loan commitments","Total housing excluding refinancing","Number","1/04/2015","","owner_occupier_1","","1/05/2010",27020,27.02,"k",27020
"155","Housing Finance","Owner occupier","New loan commitments","Total housing excluding refinancing","Number","1/05/2015","","owner_occupier_1","","1/06/2010",27401,27.401,"k",27401
"156","Housing Finance","Owner occupier","New loan commitments","Total housing excluding refinancing","Number","1/06/2015","","owner_occupier_1","","1/07/2010",29257,29.257,"k",29257
"157","Housing Finance","Owner occupier","New loan commitments","Total housing excluding refinancing","Number","1/07/2015","","owner_occupier_1","","1/08/2010",29280,29.28,"k",29280
"158","Housing Finance","Owner occupier","New loan commitments","Total housing excluding refinancing","Number","1/08/2015","","owner_occupier_1","","1/09/2010",28302,28.302,"k",28302
"159","Housing Finance","Owner occupier","New loan commitments","Total housing excluding refinancing","Number","1/09/2015","","owner_occupier_1","","1/10/2010",30604,30.604,"k",30604
"160","Housing Finance","Owner occupier","New loan commitments","Total housing excluding refinancing","Number","1/10/2015","","owner_occupier_1","","1/11/2010",30056,30.056,"k",30056
"161","Housing Finance","Owner occupier","New loan commitments","Total housing excluding refinancing","Number","1/11/2015","","owner_occupier_1","","1/12/2010",30547,30.547,"k",30547
"162","Housing Finance","Owner occupier","New loan commitments","Total housing excluding refinancing","Number","1/12/2015","","owner_occupier_1","","1/01/2011",31344,31.344,"k",31344
"163","Housing Finance","Owner occupier","New loan commitments","Total housing excluding refinancing","Number","1/01/2016","","owner_occupier_1","","1/02/2011",22648,22.648,"k",22648
"164","Housing Finance","Owner occupier","New loan commitments","Total housing excluding refinancing","Number","1/02/2016","","owner_occupier_1","","1/03/2011",27013,27.013,"k",27013
"165","Housing Finance","Owner occupier","New loan commitments","Total housing excluding refinancing","Number","1/03/2016","","owner_occupier_1","","1/04/2011",28693,28.693,"k",28693
"166","Housing Finance","Owner occupier","New loan commitments","Total housing excluding refinancing","Number","1/04/2016","","owner_occupier_1","","1/05/2011",28435,28.435,"k",28435
"167","Housing Finance","Owner occupier","New loan commitments","Total housing excluding refinancing","Number","1/05/2016","","owner_occupier_1","","1/06/2011",30974,30.974,"k",30974
"168","Housing Finance","Owner occupier","New loan commitments","Total housing excluding refinancing","Number","1/06/2016","","owner_occupier_1","","1/07/2011",29713,29.713,"k",29713
"169","Housing Finance","Owner occupier","New loan commitments","Total housing excluding refinancing","Number","1/07/2016","","owner_occupier_1","","1/08/2011",27095,27.095,"k",27095
"170","Housing Finance","Owner occupier","New loan commitments","Total housing excluding refinancing","Number","1/08/2016","","owner_occupier_1","","1/09/2011",28521,28.521,"k",28521
"171","Housing Finance","Owner occupier","New loan commitments","Total housing excluding refinancing","Number","1/09/2016","","owner_occupier_1","","1/10/2011",28118,28.118,"k",28118
"172","Housing Finance","Owner occupier","New loan commitments","Total housing excluding refinancing","Number","1/10/2016","","owner_occupier_1","","1/11/2011",27725,27.725,"k",27725
"173","Housing Finance","Owner occupier","New loan commitments","Total housing excluding refinancing","Number","1/11/2016","","owner_occupier_1","","1/12/2011",31777,31.777,"k",31777
"174","Housing Finance","Owner occupier","New loan commitments","Total housing excluding refinancing","Number","1/12/2016","","owner_occupier_1","","1/01/2012",30412,30.412,"k",30412
"175","Housing Finance","Owner occupier","New loan commitments","Total housing excluding refinancing","Number","1/01/2017","","owner_occupier_1","","1/02/2012",24493,24.493,"k",24493
"176","Housing Finance","Owner occupier","New loan commitments","Total housing excluding refinancing","Number","1/02/2017","","owner_occupier_1","","1/03/2012",26479,26.479,"k",26479
"177","Housing Finance","Owner occupier","New loan commitments","Total housing excluding refinancing","Number","1/03/2017","","owner_occupier_1","","1/04/2012",31884,31.884,"k",31884
"178","Housing Finance","Owner occupier","New loan commitments","Total housing excluding refinancing","Number","1/04/2017","","owner_occupier_1","","1/05/2012",26126,26.126,"k",26126
"179","Housing Finance","Owner occupier","New loan commitments","Total housing excluding refinancing","Number","1/05/2017","","owner_occupier_1","","1/06/2012",32973,32.973,"k",32973
"180","Housing Finance","Owner occupier","New loan commitments","Total housing excluding refinancing","Number","1/06/2017","","owner_occupier_1","","1/07/2012",31308,31.308,"k",31308
"181","Housing Finance","Owner occupier","New loan commitments","Total housing excluding refinancing","Number","1/07/2017","","owner_occupier_1","","1/08/2012",30346,30.346,"k",30346
"182","Housing Finance","Owner occupier","New loan commitments","Total housing excluding refinancing","Number","1/08/2017","","owner_occupier_1","","1/09/2012",33349,33.349,"k",33349
"183","Housing Finance","Owner occupier","New loan commitments","Total housing excluding refinancing","Number","1/09/2017","","owner_occupier_1","","1/10/2012",30545,30.545,"k",30545
"184","Housing Finance","Owner occupier","New loan commitments","Total housing excluding refinancing","Number","1/10/2017","","owner_occupier_1","","1/11/2012",31605,31.605,"k",31605
"185","Housing Finance","Owner occupier","New loan commitments","Total housing excluding refinancing","Number","1/11/2017","","owner_occupier_1","","1/12/2012",34175,34.175,"k",34175
"186","Housing Finance","Owner occupier","New loan commitments","Total housing excluding refinancing","Number","1/12/2017","","owner_occupier_1","","1/01/2013",30135,30.135,"k",30135
"187","Housing Finance","Owner occupier","New loan commitments","Total housing excluding refinancing","Number","1/01/2018","","owner_occupier_1","","1/02/2013",25248,25.248,"k",25248
"188","Housing Finance","Owner occupier","New loan commitments","Total housing excluding refinancing","Number","1/02/2018","","owner_occupier_1","","1/03/2013",26410,26.41,"k",26410
"189","Housing Finance","Owner occupier","New loan commitments","Total housing excluding refinancing","Number","1/03/2018","","owner_occupier_1","","1/04/2013",28849,28.849,"k",28849
"190","Housing Finance","Owner occupier","New loan commitments","Total housing excluding refinancing","Number","1/04/2018","","owner_occupier_1","","1/05/2013",26437,26.437,"k",26437
"191","Housing Finance","Owner occupier","New loan commitments","Total housing excluding refinancing","Number","1/05/2018","","owner_occupier_1","","1/06/2013",31960,31.96,"k",31960
"192","Housing Finance","Owner occupier","New loan commitments","Total housing excluding refinancing","Number","1/06/2018","","owner_occupier_1","","1/07/2013",28761,28.761,"k",28761
"193","Housing Finance","Owner occupier","New loan commitments","Total housing excluding refinancing","Number","1/07/2018","","owner_occupier_1","","1/08/2013",28967,28.967,"k",28967
"194","Housing Finance","Owner occupier","New loan commitments","Total housing excluding refinancing","Number","1/08/2018","","owner_occupier_1","","1/09/2013",28804,28.804,"k",28804
"195","Housing Finance","Owner occupier","New loan commitments","Total housing excluding refinancing","Number","1/09/2018","","owner_occupier_1","","1/10/2013",26023,26.023,"k",26023
"196","Housing Finance","Owner occupier","New loan commitments","Total housing excluding refinancing","Number","1/10/2018","","owner_occupier_1","","1/11/2013",30047,30.047,"k",30047
"197","Housing Finance","Owner occupier","New loan commitments","Total housing excluding refinancing","Number","1/11/2018","","owner_occupier_1","","1/12/2013",31067,31.067,"k",31067
"198","Housing Finance","Owner occupier","New loan commitments","Total housing excluding refinancing","Number","1/12/2018","","owner_occupier_1","","1/01/2014",25712,25.712,"k",25712
"199","Housing Finance","Owner occupier","New loan commitments","Total housing excluding refinancing","Number","1/01/2019","","owner_occupier_1","","1/02/2014",21644,21.644,"k",21644
"200","Housing Finance","Owner occupier","New loan commitments","Total housing excluding refinancing","Number","1/02/2019","","owner_occupier_1","","1/03/2014",23035,23.035,"k",23035
"201","Housing Finance","Owner occupier","New loan commitments","Total housing excluding refinancing","Number","1/03/2019","","owner_occupier_1","","1/04/2014",24636,24.636,"k",24636
"202","Housing Finance","Owner occupier","New loan commitments","Total housing excluding refinancing","Number","1/04/2019","","owner_occupier_1","","1/05/2014",23156,23.156,"k",23156
"203","Housing Finance","Owner occupier","New loan commitments","Total housing excluding refinancing","Number","1/05/2019","","owner_occupier_1","","1/06/2014",26773,26.773,"k",26773
"204","Housing Finance","Owner occupier","New loan commitments","Total housing excluding refinancing","Number","1/06/2019","","owner_occupier_1","","1/07/2014",23842,23.842,"k",23842
"205","Housing Finance","Owner occupier","New loan commitments","Total housing excluding refinancing","Number","1/07/2019","","owner_occupier_1","","1/08/2014",30458,30.458,"k",30458
"206","Housing Finance","Owner occupier","New loan commitments","Total housing excluding refinancing","Number","1/08/2019","","owner_occupier_1","","1/09/2014",29907,29.907,"k",29907
"207","Housing Finance","Owner occupier","New loan commitments","Total housing excluding refinancing","Number","1/09/2019","","owner_occupier_1","","1/10/2014",28652,28.652,"k",28652
"208","Housing Finance","Owner occupier","New loan commitments","Total housing excluding refinancing","Number","1/10/2019","","owner_occupier_1","","1/11/2014",31946,31.946,"k",31946
"209","Housing Finance","Owner occupier","New loan commitments","Total housing excluding refinancing","Number","1/11/2019","","owner_occupier_1","","1/12/2014",33335,33.335,"k",33335
"210","Housing Finance","Owner occupier","New loan commitments","Total housing excluding refinancing","Number","1/12/2019","","owner_occupier_1","","1/01/2015",33625,33.625,"k",33625
"211","Housing Finance","Owner occupier","New loan commitments","Total housing excluding refinancing","Number","1/01/2020","","owner_occupier_1","","1/02/2015",27384,27.384,"k",27384
"212","Housing Finance","Owner occupier","New loan commitments","Total housing excluding refinancing","Number","1/02/2020","","owner_occupier_1","","1/03/2015",26733,26.733,"k",26733
"213","Housing Finance","Owner occupier","New loan commitments","Total housing excluding refinancing","Number","1/03/2020","","owner_occupier_1","","1/04/2015",30657,30.657,"k",30657
"214","Housing Finance","Owner occupier","New loan commitments","Total housing excluding refinancing","Number","1/04/2020","","owner_occupier_1","","1/05/2015",26813,26.813,"k",26813
"215","Housing Finance","Owner occupier","New loan commitments","Total housing excluding refinancing","Number","1/05/2020","","owner_occupier_1","","1/06/2015",26072,26.072,"k",26072
"216","Housing Finance","Owner occupier","New loan commitments","Total housing excluding refinancing","Number","1/06/2020","","owner_occupier_1","","1/07/2015",30170,30.17,"k",30170
"217","Housing Finance","Owner occupier","New loan commitments","Total housing excluding refinancing","Number","1/07/2020","","owner_occupier_1","","1/08/2015",33817,33.817,"k",33817
"218","Housing Finance","Owner occupier","New loan commitments","Total housing excluding refinancing","Number","1/08/2020","","owner_occupier_1","","1/09/2015",35438,35.438,"k",35438
"219","Housing Finance","Owner occupier","New loan commitments","Total housing excluding refinancing","Number","1/09/2020","","owner_occupier_1","","1/10/2015",39521,39.521,"k",39521
"220","Housing Finance","Owner occupier","New loan commitments","Total housing excluding refinancing","Number","1/10/2020","","owner_occupier_1","","1/11/2015",40328,40.328,"k",40328
"221","Housing Finance","Owner occupier","New loan commitments","Total housing excluding refinancing","Number","1/11/2020","","owner_occupier_1","","1/12/2015",42576,42.576,"k",42576
"222","Housing Finance","Owner occupier","New loan commitments","Total housing excluding refinancing","Number","1/12/2020","","owner_occupier_1","","1/01/2016",46921,46.921,"k",46921
"223","Housing Finance","Owner occupier","New loan commitments","Total housing excluding refinancing","Number","1/01/2021","","owner_occupier_1","","1/02/2016",37983,37.983,"k",37983
"224","Housing Finance","Owner occupier","New loan commitments","Total housing excluding refinancing","Number","1/02/2021","","owner_occupier_1","","1/03/2016",39632,39.632,"k",39632
"225","Housing Finance","Owner occupier","New loan commitments","Total housing excluding refinancing","Number","1/03/2021","","owner_occupier_1","","1/04/2016",48064,48.064,"k",48064
"226","Housing Finance","Owner occupier","New loan commitments","Total housing excluding refinancing","Number","1/04/2021","","owner_occupier_1","","1/05/2016",42746,42.746,"k",42746
"227","Housing Finance","Owner occupier","New loan commitments","Total housing excluding refinancing","Number","1/05/2021","","owner_occupier_1","","1/06/2016",44964,44.964,"k",44964
"228","Housing Finance","Owner occupier","New loan commitments","Total housing excluding refinancing","Number","1/06/2021","","owner_occupier_1","","1/07/2016",46149,46.149,"k",46149
"229","Housing Finance","Owner occupier","New loan commitments","Total housing excluding refinancing","Number","1/07/2021","","owner_occupier_1","","1/08/2016",43330,43.33,"k",43330
"230","Housing Finance","Owner occupier","New loan commitments","Total housing excluding refinancing","Number","1/08/2021","","owner_occupier_1","","1/09/2016",41375,41.375,"k",41375
"231","Housing Finance","Owner occupier","New loan commitments","Total housing excluding refinancing","Number","1/09/2021","","owner_occupier_1","","1/10/2016",39593,39.593,"k",39593
"232","Housing Finance","Owner occupier","New loan commitments","Total housing excluding refinancing","Number","1/10/2021","","owner_occupier_1","","1/11/2016",38101,38.101,"k",38101
"233","Housing Finance","Owner occupier","New loan commitments","Total housing excluding refinancing","Number","1/11/2021","","owner_occupier_1","","1/12/2016",44368,44.368,"k",44368
"234","Housing Finance","Owner occupier","New loan commitments","Total housing excluding refinancing","Number","1/12/2021","","owner_occupier_1","","1/01/2017",44656,44.656,"k",44656
"235","Housing Finance","Owner occupier","New loan commitments","Total housing excluding refinancing","Number","1/01/2022","","owner_occupier_1","","1/02/2017",33255,33.255,"k",33255
"236","Housing Finance","Owner occupier","New loan commitments","Total housing excluding refinancing","Number","1/02/2022","","owner_occupier_1","","1/03/2017",33584,33.584,"k",33584
"237","Housing Finance","Owner occupier","New loan commitments","Total housing excluding refinancing","Number","1/03/2022","","owner_occupier_1","","1/04/2017",41213,41.213,"k",41213
"238","Housing Finance","Owner occupier","New loan commitments","Total housing excluding refinancing","Number","1/04/2022","","owner_occupier_1","","1/05/2017",33473,33.473,"k",33473
"239","Housing Finance","Owner occupier","New loan commitments","Total housing excluding refinancing","Number","1/05/2022","","owner_occupier_1","","1/06/2017",39752,39.752,"k",39752
"240","Housing Finance","Owner occupier","New loan commitments","Total housing excluding refinancing","Number","1/06/2022","","owner_occupier_1","","1/07/2017",38438,38.438,"k",38438
"241","Housing Finance","Owner occupier","New loan commitments","Total housing excluding refinancing","Number","1/07/2022","","owner_occupier_1","","1/08/2017",33679,33.679,"k",33679
"242","Housing Finance","Owner occupier","New loan commitments","Total housing excluding refinancing","Number","1/08/2022","","owner_occupier_1","","1/09/2017",35441,35.441,"k",35441
"243","Housing Finance","Owner occupier","New loan commitments","Total housing excluding refinancing","Number","1/09/2022","","owner_occupier_1","","1/10/2017",31415,31.415,"k",31415
"244","Housing Finance","Owner occupier","New loan commitments","Total housing excluding refinancing","Number","1/10/2022","","owner_occupier_1","","1/11/2017",31725,31.725,"k",31725
"245","Housing Finance","Owner occupier","New loan commitments","Total housing excluding refinancing","Number","1/11/2022","","owner_occupier_1","","1/12/2017",32961,32.961,"k",32961
"246","Housing Finance","Owner occupier","New loan commitments","Total housing excluding refinancing","Number","1/12/2022","","owner_occupier_1","","1/01/2018",30511,30.511,"k",30511
"247","Housing Finance","Owner occupier","New loan commitments","Total housing excluding refinancing","Number","1/01/2023","","owner_occupier_1","","1/02/2018",23027,23.027,"k",23027
"248","Housing Finance","Owner occupier","New loan commitments","Total housing excluding refinancing","Number","1/02/2023","","owner_occupier_1","","1/03/2018",24612,24.612,"k",24612
"249","Housing Finance","Owner occupier","New loan commitments","Total housing excluding refinancing","Number","1/03/2023","","owner_occupier_1","","1/04/2018",31478,31.478,"k",31478
"250","Housing Finance","Owner occupier","New loan commitments","Total housing excluding refinancing","Number","1/04/2023","","owner_occupier_1","","1/05/2018",25775,25.775,"k",25775
"251","Housing Finance","Owner occupier","New loan commitments","Total housing excluding refinancing","Number","1/05/2023","","owner_occupier_1","","1/06/2018",33537,33.537,"k",33537
"252","Housing Finance","Owner occupier","New loan commitments","Total housing excluding refinancing","Number","1/06/2023","","owner_occupier_1","","1/07/2018",31858,31.858,"k",31858
"253","Housing Finance","Owner occupier","New loan commitments","Total housing excluding refinancing","Number","1/07/2023","","owner_occupier_1","","1/08/2018",27664,27.664,"k",27664
"254","Housing Finance","Owner occupier","New loan commitments","Total housing excluding refinancing","Number","1/08/2023","","owner_occupier_1","","1/09/2018",30718,30.718,"k",30718
